BM8751,3
CH8202,3
CS8001,3
CS8002,3
CS8003,3
CS8004,3
CS8005,3
CS8006,3
CS8007,3
CS8008,3
CS8009,3
CS8010,3
CS8011,3
CS8012,3
CS8013,3
CS8014,3
CS8015,3
CS8016,3
CS8017,3
CS8018,3
CS8019,3
CS8020,3
CS8021,3
CS8022,3
CS8023,3
CS8024,3
CS8071,3
CS8072,3
CS8073,3
CS8074,3
CS8075,3
CS8201,3
CS8202,3
CS8203,3
CS8211,2
CS8212,2
CS8213,2
CS8251,3
CS8301,4
CS8302,3
CS8303,3
CS8311,2
CS8312,2
CS8401,4
CS8402,4
CS8411,2
CS8451,3
CS8452,3
CS8461,2
CS8501,4
CS8502,3
CS8503,3
CS8504,3
CS8511,2
CS8512,2
CS8513,2
CS8551,3
CS8601,3
CS8602,4
CS8603,3
CS8604,3
CS8611,2
CS8612,2
CS8651,3
CS8701,3
CS8702,3
CS8703,3
CS8711,2
CS8712,2
CS8811,6
CY8151,3
CY8161,1
EC8001,3
EC8002,3
EC8003,3
EC8004,3
EC8005,3
EC8006,3
EC8007,3
EC8008,3
EC8009,3
EC8010,3
EC8011,3
EC8012,3
EC8013,3
EC8014,3
EC8015,3
EC8016,3
EC8017,3
EC8018,3
EC8019,3
EC8020,3
EC8021,3
EC8022,3
EC8071,3
EC8072,3
EC8073,3
EC8074,3
EC8075,3
EC8076,3
EC8201,3
EC8214,2
EC8251,4
EC8301,4
EC8303,3
EC8311,2
EC8312,2
EC8351,3
EC8353,3
EC8401,3
EC8402,3
EC8403,4
EC8411,2
EC8451,3
EC8452,3
EC8501,3
EC8502,3
EC8503,3
EC8504,3
EC8511,2
EC8512,2
EC8551,4
EC8561,2
EC8601,3
EC8602,3
EC8611,2
EC8612,2
EC8651,3
EC8701,3
EC8702,3
EC8711,2
EC8712,2
EC8811,6
EE8262,2
EE8351,3
EE8407,3
GE8072,3
GE8073,3
GE8151,3
GE8152,4
GE8161,2
GE8162,2
GE8351,3
GE8751,3
HS8151,4
HS8251,4
HS8561,1
IT8001,3
IT8002,3
IT8003,3
IT8004,3
IT8005,3
IT8006,3
IT8007,3
IT8008,3
IT8009,3
IT8010,3
IT8011,3
IT8012,3
IT8013,3
IT8014,3
IT8015,3
IT8016,3
IT8017,3
IT8018,3
IT8019,3
IT8071,3
IT8072,3
IT8073,3
IT8201,3
IT8202,3
IT8211,2
IT8212,2
IT8301,4
IT8302,3
IT8303,3
IT8311,2
IT8312,2
IT8313,2
IT8401,4
IT8402,3
IT8411,2
IT8451,3
IT8501,4
IT8502,3
IT8503,3
IT8504,2
IT8511,2
IT8512,2
IT8513,2
IT8601,3
IT8602,3
IT8603,3
IT8611,2
IT8612,2
IT8613,2
IT8701,3
IT8702,3
IT8703,3
IT8711,2
IT8712,2
IT8811,6
MA8151,4
MA8251,4
MA8351,4
MA8353,4
MA8354,4
MA8357,4
MA8401,4
MA8451,4
MG8653,3
MG8654,3
PH8151,3
PH8161,1
PH8252,3
PH8253,3
