HS8151,4
MA8151,4
PH8151,3
CY8151,3
GE8151,3
GE8152,4
PH8161,
CY8161,
GE8161,2
GE8162,2
HS8251,4
MA8251,4
PH8252,3
CS8251,Programming&#160;in C++
EC8201,3
EC8251,4
CS8213,Programming&#160;Laboratory.
EC8214,2
MA8357,Equation
GE8351,3
EC8301,4
EC8351,3
EC8353,3
EE8351,3
EC8311,2
EC8312,2
MA8401,4
EC8401,3
EC8402,3
EC8403,4
EC8451,3
EC8452,Circuits
EC8411,2
EE8262,2
EC8501,3
EC8502,3
EC8503,3
EC8504,3
EC8551,4
HS8561,
EC8511,2
EC8512,2
EC8561,2
MG8653,3
EC8601,3
EC8602,3
EC8651,3
EC8611,2
EC8612,2
EC8701,3
EC8702,3
EC8711,2
EC8712,2
EC8811,
EC8001,3
EC8002,3
EC8003,3
EC8004,3
EC8005,3
EC8006,3
EC8007,3
EC8008,3
EC8009,3
EC8010,3
EC8011,3
EC8012,3
EC8013,3
EC8014,3
EC8015,3
EC8016,3
EC8017,3
EC8018,3
EC8019,3
EC8020,3
EC8021,3
EC8022,3
EC8071,3
EC8072,3
EC8073,3
EC8074,3
EC8075,3
EC8076,3
GE8751,3
MG8654,3
BM8751,3
CS8451,3
IT8451,3
CS8075,3
GE8072,3
GE8073,3
HS8151,4
MA8151,4
PH8151,3
CY8151,3
GE8151,3
GE8152,4
PH8161,
CY8161,
GE8161,2
GE8162,2
HS8251,4
MA8251,4
PH8253,3
CS8201,3
CS8202,3
CS8203,3
CS8211,2
CS8212,2
MA8351,4
GE8351,3
CS8301,4
CS8302,3
CS8303,3
EC8303,
CS8311,2
CS8312,2
MA8354,4
CS8401,4
CS8402,4
CS8451,3
CS8452,3
EE8407,3
CS8411,2
CS8461,2
CS8501,4
CS8502,3
CS8503,3
CS8504,3
CS8551,3
HS8561,
CS8511,2
CS8512,2
CS8513,2
CS8601,3
CS8602,4
CS8603,3
CS8604,3
CS8651,E
CS8611,2
CS8612,2
MG8653,3
CS8701,3
CS8702,3
CS8703,3
CS8711,2
CS8712,2
CS8811,
CS8001,3
CS8002,3
CS8003,3
CS8004,3
CS8005,3
CS8006,3
CS8007,3
CS8008,3
CS8009,3
CS8010,3
CS8011,3
CS8012,3
CS8013,3
CS8014,3
CS8015,3
CS8016,3
CS8017,3
CS8018,3
CS8019,3
CS8020,3
CS8021,3
CS8022,3
CS8023,3
CS8024,3
CS8071,3
CS8072,3
CS8073,3
CS8074,3
GE8751,3
MG8654,3
IT8071,3
IT8072,3
IT8073,3
